-28.699661365585925,-7.835799471165128
-23.874777431540185,-79.8409851642393
91.46030573549659,99.56706427657048
-60.47776260474682,-69.00421844738209
-82.41611674288269,8.536718218696993
-28.003247049177826,-30.330409240513045
-62.38147076095888,25.074497853067545
49.27257214378977,-76.26235373109529
83.48399759645659,-55.33484736688554
-82.5434167108037,31.974820493791434
-19.015302528028055,-40.25702581166391
-58.111779758606666,-82.2138981745244
-89.10795371490904,-65.56721101236316
-42.229082276665,-65.46081632191675
-84.77383484280618,-40.1749187579594
-65.12991142287883,22.052054984042925
-33.65662625435988,-89.5242760550351
86.94215746011442,83.45417330027016
-78.47460411227807,-37.52377806236977
-86.34233427361416,-83.83144238616384
60.130731925130455,72.68373953876271
-49.40151429100399,-5.997914646429892
4.439150248281654,75.20169090980804
-15.055445568689073,-96.86094807176877
55.796977608822296,81.58361996431267
-28.872694700513037,-57.40340438662934
27.52264255651866,69.19047570933476
93.91563725835665,27.06302924195205
98.6279252482021,51.54938717553668
-23.637813203421487,-18.94759644809154
-85.93910869354669,-22.733256014773893
-0.10464268091769924,5.402361084737239
-62.31120912693575,-25.88481122892079
65.74630578786274,56.28178636738272
-96.80193423411755,37.8203681739886
79.77862798300382,93.35655168691856
-98.28775658354039,-12.035478834877189
-60.32058229141373,-96.28551394405412
97.27778080394944,-28.277874026258388
40.92299613031434,-12.42605126416969
9.060292177694308,49.65669858342323
-68.31721509791655,-83.84167038708574
-36.019807266005444,64.59505182760421
-31.276907940454613,-72.00972899369718
47.39815081020167,-0.6647932381304456
91.40177771190577,95.52020795900647
6.999006134836505,-8.798742631104627
28.994300431506215,45.200204136452584
85.13520200059921,91.10540822986776
83.88280251986448,38.46465670180017
-17.249363713352572,-88.01306156223954
-44.97275752906067,-83.8065359510302
51.12725449875277,28.574488267960984
92.46894722494426,-12.885807994500764
-66.92271905220038,21.086300446842188
66.69070764036019,8.068961383373674
-34.493209285018,16.515611860777035
-97.06925949131629,-35.43625013398326
-14.770740358219925,95.9891876440223
-58.168295919360034,35.45351012577835
-46.94056132391962,53.19484465636914
-17.27857067951426,-6.580925536020765
-77.13064126997071,50.487097120111656
98.1385432725675,-50.76843667170474
-14.214051822880226,-32.77547299826962
-94.50828401543274,69.17386019506422
-45.009939237313425,-79.78226481379222
-41.359131119192625,-74.98052314486776
-23.187986445007258,-91.45633220585665
7.550003738453048,-47.38698171321902
91.27970337283745,47.82960884524401
23.54134429152268,95.2078442491509
-19.562308566109365,68.85063956495559
-77.09050419989536,11.64784841927975
-90.94342645964953,72.28649569960687
10.259014349305273,-66.43834513061893
-68.72139165815815,-92.24100804761197
78.49485018836756,-24.89422263772476
45.64429882046974,-9.47420682859319
-78.69096433136924,99.53778956057269
-13.121390581747793,56.56255005155255
-87.54547078133992,92.75908021536247
-58.01183692058294,-63.26851271197156
92.80669101045874,19.470069859384687
50.38517072605002,75.08462570839302
-92.71638429226698,52.193136486119606
-47.497097062283245,-41.946070316667594
-59.495589001619756,-73.7765963323606
-13.438369138298413,95.44047919162153
-59.856661175222236,-60.81539879957427
-78.72661944866685,56.56237913228765
88.41980601655123,-34.836969349079425
-64.0184745878098,76.97413732872336
54.51418672843198,19.972127797017958
15.870092049920714,-46.111652615610055
53.628059090853,93.66491769225689
-93.9030853945181,11.471236596576828
68.88290715687033,93.20516474519506
-24.020569652578104,-1.169116722620367
-10.03512017694057,-63.96730793375409
-33.71845075149329,34.94084252107801
-14.88057409946888,-40.764340271490255
-6.313431954511417,-70.21148402046826
55.71320817484262,-48.9990775941987
81.43822459771289,67.80943911354167
-6.357384134562261,86.28637738630445
-85.9469915510136,-67.7671524192481
-68.41957217373422,73.84197981437892
-73.73856915263141,6.038174876526092
-35.17873726253418,12.846365758968915
85.29554765874772,-58.21784594997283
-80.67899291887066,-50.18869665944781
95.18295913280974,-43.685900039348134
-49.5433252601174,-45.036148432421385
23.32675619080149,5.469845383878802
44.22996997396113,-36.465332421387856
46.367112676163025,54.40468589259895
-67.81077516160308,30.782966655799093
-32.48718810866072,-92.66014506187061
-5.080049127621211,-43.56737402224486
69.07905829090812,49.09382285230597
94.19470430238248,-87.73025673902579
31.849622705108672,-43.007077359417536
89.09971979112672,-26.29089533783988
3.6416259132099116,63.80746115546629
-94.1960261453646,69.45893212086705
71.19436773191536,22.492611124128704
12.483118093435008,30.902967848397033
1.7845794266050374,2.589221673525155
-93.92379141473664,-28.531869552829157
68.21519756181044,-97.7593446887063
-59.98680029739458,-45.29974635425455
-89.79121429130959,-62.19365616400123
68.72471934523581,41.050789678054045
-25.9803431204608,-85.47328044420325
76.02170539042376,-40.87115580222338
8.948989320709222,-70.83240544439484
88.94087766585987,16.280701551306365
32.124928049846034,90.41654197645539
46.047483396284946,70.02660829277139
-33.29131878028697,-77.90830563121082
65.69835333079052,-17.30531280551442
-13.695274427882165,82.1762232564714
-50.053327564773966,-75.87164959609997
21.37848150885382,88.18181269389538
15.590696128788228,40.81754599577296
30.552796203903434,44.9704382753602
86.13557184924885,-82.93797924399655
-63.60970157017356,5.428214492918659
98.69223015922806,22.278115854987735
-85.46142956992703,-62.18732501410078
44.13094886174911,-14.75134372573892
-83.72447914733665,-6.411423427937479
-41.63237727823959,-65.77141743678054
-8.06774333097069,40.07288211073381
-6.93922994470777,80.98994479192172
-56.804451959712445,67.23049261863024
-12.30866296809021,-49.93215623305116
43.715863229020144,-44.86716579518131
28.32478370867346,-94.76807155992799
-15.176514306809551,52.25324396343694
-55.99048213834352,68.23775076059924
-80.71541894362196,-33.10280990816232
-36.22843599144825,38.116012103228705
-95.25739292090185,21.457653957421364
-49.2743403104966,-55.6286454058099
99.37341360676089,28.432821355474115
-97.77693763081703,-35.90628322673521
86.96916717221157,72.1830048660207
58.54941273468028,-60.09097728611863
-90.0577793641128,92.34397148567217
3.752086038544866,-5.396795598567383
38.440492661983015,33.61161161863784
-57.672580717372604,42.69280511953273
-73.23968703467688,-95.51241425633603
-47.247747324474986,33.776185678848634
-6.623899223216045,49.767441719454155
98.46084661268402,-1.3020939801069442
14.165965852382921,6.446487097383313
-78.22569650637735,-68.66480186669935
-66.89744907513627,78.5541922453788
-81.05534936759184,-84.9298321955877
70.69182235497613,43.95995349963797
-28.634636807374502,43.91223553986823
-54.76311430378256,91.00038561100902
-84.96058348442513,63.72597987444561
-93.72493057123721,2.009861225697973
58.53885975483708,-21.325317185431736
51.772847615883876,-97.23856263113223
78.14461818569174,72.43414140426967
-8.329430019513184,20.95173554488772
-74.7404416162289,-79.95631559765724
51.37513187122431,-27.043347066102584
-52.07698246772301,-82.19778248714643
-72.84319425040577,90.39484715284868
-45.42900634126133,58.5924104126754
-23.992244464908687,-23.259560042580006
-5.091872407983122,-69.89522787146349
-60.09725881200436,-70.15233341788544
53.12384980956257,-99.97874169398138
-67.04888423227115,80.62314164839452
86.41540367334714,-23.13770869887224
-21.41346077176618,-23.572055590180142
18.54518498300375,73.47434397604253
-83.40373288129676,48.20090829728987
-87.19068051634484,-41.34581882032242
-3.40088455771157,49.38031351422143
-71.47461481277297,-28.64369035432224
22.403088188270992,84.5915928244314
13.073592277108826,-82.45703857363074
12.43342725576091,63.23059404877183
-25.850851755617054,66.886956949015
93.78870523455953,60.48275661078761
-62.662859774408844,94.26046235023531
98.59607877446746,-57.06031259150555
-38.72024043022411,-10.861835971260003
24.16465463426627,-99.73469232088259
-26.658565882637355,27.48563106849231
-73.77982648315047,18.33755516302331
-10.834419542555263,71.7951064286763
-83.46966558211754,-19.8694820108702
27.446386779179434,55.53037615027365
93.52301972067225,11.32364166069555
-90.01399753313942,13.673204998764433
57.17296460499832,-74.75317261919112
99.53577746354507,38.6430140767132
83.28085381769175,64.46218513597648
74.25665661788598,-22.316261875425035
40.97159511386188,26.74622220391145
-81.83217852934266,-18.557971096101245
50.96554976313561,-71.90519422800377
33.943118552525696,95.80618328582766
-90.15624713787413,55.38813454459686
-69.57767477867489,-92.40893058790083
23.69628894340392,-54.17888572814802
-70.4133705234484,89.73970756517113
81.34652055357476,-94.9954834713803
-85.0348889752886,-94.89465927440925
-41.87836346012299,-38.34951050998639
-20.29365591596475,5.136807415439204
-88.59338511540491,-98.50684227963093
-23.649256480503045,57.29092923770311
19.909091108848,-15.209793230951064
12.604096418958566,-54.78671508082436
-51.51196878958639,-53.70922902060353
63.071329712811085,89.2390358681042
-17.416582602213992,-84.4796315525446
64.44150971445436,41.417272762415514
-46.8249938929729,7.191915141990446
20.685434365099663,97.1144826661588
-98.67299528914084,-25.731155369384396
90.47742069876334,43.91816752017015
76.85222282868969,10.59801409963641
-85.70951728145562,-13.697896340156813
70.73461691504244,-79.66045735627038
49.59097932455996,-83.23190617657225
86.22654405194268,-81.9265211750903
23.890587768644078,-19.24045038530071
-54.979093765755515,-72.44520568955389
-0.06566210344198797,-98.57470682167502
91.47788552635696,19.05548321792434
-89.87394379008894,68.72922612018264
-50.34857674662951,35.83674039287703
79.77602097894302,35.76202561420412
2.6368045069343315,45.14484302299031
17.818904344338947,-24.974420765236104
-98.13466988785133,40.17409824313838
23.681661787081197,83.4382863772912
75.51947806849253,47.653901191587565
94.2153661819711,48.25292363716154
20.33537052587693,-1.4966646642130543
-31.015115649936398,-92.17686800192597
93.97860675813969,-25.23203728637857
-88.78121245804643,-14.362174730468858
-44.189866315051106,38.888645884154414
49.605892748247356,-27.93330291902989
83.19916259287949,40.305531402725904
1.2544174240495254,-66.15699409649321
39.733506307053304,47.13818862808847
97.33004219101358,-72.08198754818503
8.649860469291749,-34.02343074597118
-18.004548634879836,-98.4571623558247
-13.493319950092086,32.28374594837773
-12.982059263608935,61.13886697384443
18.214720394979842,11.995376573509798
-71.71702737534402,-66.00008387728325
-86.98256411288352,4.6479209601656635
62.21125458925538,81.54604409640133
74.26541585087696,97.76606874767178
-34.433536669676414,20.063552317697496
-18.350816303126784,94.04079585057028
-80.91258212880143,-87.5834263327869
-80.56476758026308,-26.820709207962
39.36597913834172,0.24763348118668205
-10.699529883134339,-64.07377471400821
-11.611804020999772,30.85193290513488
61.039452698734095,2.355197646887386
26.527095839843717,-20.890918413546757
-12.419818149863037,45.523915094442316
-72.49499195753096,-89.21439545247341
35.916848587497796,95.93857164948143
56.96438781696889,-49.89907856944205
-3.743372395379918,-41.44931137986303
-65.9213468005809,57.27794212460044
39.76079056303916,-74.34773447995593
-98.43576225326862,57.14678327391298
-43.94624128379101,76.12909174925737
-61.18904225316688,-58.115029388813724
-92.43803313856525,-96.94036739919495
62.72310037874582,49.31428139036045
-69.65273124765031,63.02374631464569
78.4352521347099,89.52974454517076
-96.08569997004007,-68.65973217452077
47.81412087000365,52.68143561107343
77.67500725936702,-38.57012342156825
21.583328455991623,-15.504875041737098
-63.53641524678106,-8.232925101689691
-1.0612570465120763,-0.33603505510559906
-44.65763926551642,47.66630419186928
-44.903315420722414,-2.9357623640711816
15.419923306507965,-35.796650413110534
1.937423379347769,-99.95522026256039
-60.649955445978485,95.08241914910703
-65.39704042390495,-81.5762916863297
-3.87427963252045,37.31925111065482
38.40931214551346,-8.993297372751808
23.66788597327738,88.68486916535612
-31.2586519065035,46.25849695784814
-32.71856631714192,85.27236925737729
66.91650264077865,86.1551710043558
1.5328208315143588,-90.19374304185664
-85.34437062220708,-69.33019980350576
60.375983029967784,32.02131079558575
28.9455425635484,10.728099740489494
93.94476672361071,-40.421664951016155
37.407092620804995,45.44136739889717
-5.855926337238082,-16.692949236756526
-98.44121233676472,7.668683147135735
80.81674564428111,36.50030441799523
-91.7156046707218,33.63465812031401
-81.78940972362065,-55.97123184127453
38.527032346004454,-53.30680416754638
-3.940065785441349,-5.363407487218286
78.75160794964233,-17.33342051696529
74.23017084898835,29.91364981541118
-32.07802357999563,76.00043112945907
9.705056820626613,11.773195848102592
90.30999041966797,26.275976153151625
80.4748912235571,-91.31547269624645
-52.73275835357405,-4.37871342763736
7.704124261206857,13.280617576006915
-39.52194200005658,30.271507835896806
24.972287183993448,-45.552726599501625
71.42797519801418,21.04675562716252
-25.12300732757169,50.66279486946203
-23.284676384588643,-94.94713804744752
-78.24059297400852,79.37889909639442
95.84811375853315,-31.39842524511034
-84.72985793191452,-49.57132223138685
28.230377969075636,27.917794651831528
8.376414381609454,-33.75731625926151
-66.39957741222122,64.39884569597776
31.082162492859865,52.745662532206495
98.58077524223785,-40.007732873321444
-39.60966317466579,76.24324092776453
-73.82941435253476,-92.00011504658765
-95.21370898851742,-94.02392476698867
82.70192488199054,-50.27033872963615
-43.75621144530726,41.016321291030145
21.51095219557768,31.45690962429026
-46.91881187320324,-88.8632550206429
59.92797475613323,-57.32723560517987
56.059704606689806,-27.746900289482255
-71.74098315302426,-32.725083451790795
80.51975846236934,-82.33711249749925
15.364475904569419,-21.831465812014137
-50.041893243445124,97.57358151757064
-80.92242963812097,86.90131155165197
76.46304715764984,-99.48546789526924
37.64667346022652,26.139828329638306
2.2819591642700754,-69.02896721202995
50.75549560218104,19.843658479392467
-37.556601136966414,-39.494832802831525
21.277275102778592,96.93011171351336
45.20057928861287,-68.52619041546168
94.14440085182636,-88.46230854305479
-12.166525295353626,57.60010284655206
-68.54215096627287,16.98758276083019
-99.27302934006022,39.23291245067282
-51.45213655503851,-76.03255803494642
28.9454116966551,-80.82266186584293
79.76150129326227,-7.883407121965824
61.80025439739432,-29.21404866262851
17.88722486183676,-66.19352736753706
-23.330147956738866,-98.16896882999855
-90.38563042631009,11.614876169210909
-33.717565950411355,-84.22026261328688
-44.26956419387602,-28.998850610646198
16.354017827119094,-96.6369293894134
82.70879236842148,-77.89994690309932
-25.435576830090657,-39.09063656906764
3.1730841082213024,63.16730393517847
-77.3153024763167,-94.57919983084318
64.3304196758368,-37.73034319639341
-29.48347196243195,-12.21599158002753
72.67768087595765,53.77630445686277
-44.925966163022245,37.09209821367176
-33.98329221784688,-95.30782304853508
53.07043669267883,-55.98687536600053
-7.810492687526516,-46.96214092839228
-61.56060808952961,-13.19900322537071
51.02934683792806,-4.561390094860696
-6.73477881015303,38.21261273581624
97.97609548880209,-47.10764344358231
81.63967435642599,-4.851091443867084
-47.547940292041524,-52.994568273449374
-62.454735040107366,19.922331554768235
-55.27053361408667,-25.215862254639077
65.44606221001632,29.654525393962494
44.85778301771723,80.37748425646218
-9.91086249929598,49.21377592205716
-16.979601208189308,-69.49452378372796
-75.1936207447901,-52.96965369010385
-27.68559028574238,30.906367644730892
88.80178449566465,53.91391574674878
-76.5242560960451,-47.229480341592065
-34.92735593348997,6.873973929545385
47.245461486694836,-58.50108165130925
47.103084870378865,50.880018154857275
-75.2403922318126,-58.63015789502659
-4.842510660021304,29.987354512625064
2.7585634691102534,72.11775044849027
-88.19991665147167,-39.54628630803565
60.50811740468707,97.42967237738557
39.18542716496927,42.431028220602784
-35.33453243587115,-63.06946855813773
-4.505220485085326,-4.278480883450242
-79.45749373264826,34.20383959727242
-6.7651127080862405,10.624488312268054
80.69805561321192,24.227497203212
-66.3337864772221,-54.93500243752485
-11.694491179774236,-55.65525102541158
-31.1249360295488,-72.86693261106953
-96.1245352406533,54.646319820330014
-38.387796512079376,79.22858965318429
-30.543993759665767,-17.282019357910848
37.49001645420689,40.5955025135266
-11.011964539224884,-53.81502161458223
28.236080808287834,-86.21016099788159
-20.945886037018745,96.75810221121253
92.78827621007866,-21.146522856820106
65.55263141965536,42.73157530370899
59.43662409717607,-30.96778401119169
70.57571161671619,-61.94409255477598
-19.165870552664387,-22.53563799346989
91.7666989563783,-13.677349744404331
-34.82327489227948,30.290631617051034
-61.64787661532281,-48.19902381780645
61.46436239819357,-51.891787563087235
25.719346334358484,54.69427025292228
-29.60115296123298,71.04802646453629
75.72419001227586,-38.980567029883
20.717215757899844,14.778507453390578
-58.58183400168342,-3.8214634883601217
21.852938304212643,-28.66250638312873
-19.400221099125137,90.81483689978182
-95.58164440806812,-18.16512800362662
-10.868782716028512,90.404029497559
39.221733184774486,-78.66084889915732
-79.44524994089892,-74.54471819840298
-73.85290705438938,-78.5241402022091
99.29010290442177,-19.259594972587067
47.90225727506283,-19.09112651935896
-62.573502471577754,-74.20070165756904
48.50046127643941,64.6262819037903
-96.59820749685544,-8.936509626170652
-2.096283785802844,-14.04122105982617
-54.499080027431,5.491410710618538
-56.190767824821776,91.46946354402728
-48.53389280326643,22.671911304396808
84.82713840974299,4.243710108683785
14.551707024311632,87.32510265452827
36.753791442878516,-10.965454778694905
68.93818918703958,43.2794112264181
44.68111063412825,1.9168352248042808
30.865669969734345,98.28205755653055
94.23298879780684,76.48222974572676
53.619280711167704,-54.811684830351304
50.586291999345654,0.360908182908104
-6.643373094849614,82.48611029731488
-28.762584537293012,24.236208107642998
3.9951871845865794,-23.136063361886382
-19.442176003419686,-96.7039974154683
63.9341223865775,86.6051417641426
12.781822763668348,-47.69012667625363
99.75685499422471,-60.83469416015939
92.94486544991844,47.51580665430551
19.6140730178864,-7.287712032987126
-68.72427361496744,-16.879872311613966
-21.925392981022807,-99.87499166669498
-54.24124019755525,22.45780562618611
76.52807957186944,-25.84883563366962
10.94003629393785,64.08650880149254
-2.626735658813062,2.549690999864729
-60.94400430947802,-14.103595659362922
86.58498114393873,21.415205600470742
-94.67530533603117,-61.392868186696894
-19.347271464275305,-45.70394837037392
5.986087217244385,-63.489793998749214
58.63974485581036,-20.491868274148906
-95.36751555949998,17.667959654912437
20.642056444084833,88.85102518806285
-5.1376976570243205,55.34338450836034
48.50704880281711,-14.811671754816235
15.49174490821461,-18.665741758622612
93.02731646416478,60.470489010044325
-28.239305098324973,-51.95024209621759
-35.424151844337956,-95.00436070341902
22.999929392106,1.8990596478424937
20.634260895962342,8.905087708007997
-82.06599763799804,59.66603318401251
67.1238359951602,-88.51659130248271
-94.72439134420148,-12.731430716027425
32.674870043894245,-35.517217227397694
24.68542610149469,49.58387347421551
27.186474426419682,-67.04785953762445
-28.499631454896758,61.4395447238828
-13.585118321455546,-83.6791841880757
1.4432515033611981,-80.89191903288699
-75.40761912619946,21.01855390251428
73.26926033020438,6.803736305559971
34.83156050557008,53.35463966158957
-2.870099634600898,-38.2196796792974
-33.88605572799192,39.66488998170252
-18.81712971725895,-31.663317367706355
90.95422532123611,-36.27146714281246
49.558713079814545,70.3015191796508
81.0488009659529,-12.555839148449754
-1.5835032786238212,42.36444923274525
50.942812123683964,-47.275860728260355
-67.97546029000527,-53.04784724529228
36.28856338308917,-13.475446966183036
-62.58122827187393,97.26640614271412
7.212256870519562,-33.92685397475077
-10.025441964901361,28.47009651957726
23.076212538810957,-22.16561651954143
-59.84708827923584,-29.573538044385895
-68.96512949376702,-65.01136239338938
-77.1917930738308,-19.89153208800507
-69.33634041420211,-31.427954238100675
28.396202324819676,-39.687877548416786
-32.156000262654395,91.96220927920147
99.39106271962541,-66.78772648030686
-81.45696800388578,86.18993386337588
-26.866266311973554,-36.686076927337005
30.279038430524352,17.029286650171226
93.38365607292025,-91.55898957831596
62.0930188355026,97.87312507356836
63.90671521539415,-65.12135317561425
17.589106619323868,-28.748822423978204
76.1243390118524,-36.697243137420934
-39.131330672283696,93.4868399259124
-79.81956054538286,97.4569537094496
-53.503165446554426,-76.1455574564327
-31.400047293499256,86.78192616011036
37.452870401719295,99.38200331738997
-65.66380877158564,-75.16179886738126
-19.83104205710604,10.638302966791201
65.82777465336062,79.37563105412109
75.34333266007927,-81.04689668654996
-7.242521218251663,-56.91944436399965
68.9364560438681,-41.44558997229695
-60.99774991089282,-76.76611351263745
25.927637154444817,-30.741476499819132
-9.994471543366522,99.0601513435118
-47.312961747703966,58.519779354089806
5.07696606261161,-74.58856083530743
25.074568792929576,-11.81518891447464
83.47222767068725,8.260399657050543
-39.56268639963558,-25.467435789484384
-78.50213726683337,-44.819625650280194
-40.53626631076273,58.20599961505939
-81.24657423941291,17.75950760493401
84.99479198862035,-13.51923477043604
94.03221575890694,-61.77046416270908
-99.08247548054617,77.4763030143093
-82.41597042334337,24.39795950634607
52.87232579106789,-42.06543126948756
87.2982478099565,39.238887464118854
73.15738593126326,57.274981173381455
-71.97124850626875,-21.70346919185484
52.78998950243956,72.63593895524791
-95.03066448135601,18.351833056314426
-48.450541977369085,14.257411101095464
97.10755387819556,-75.63936438619605
48.583252951255254,80.6367034883089
-0.47337255277082324,-15.991339639281898
-45.023724138160645,-45.854112101281984
91.78027793657584,-73.40039341346846
-7.775883158867858,-95.47823189099178
-73.65373420047798,82.71359967046479
-48.437213028860214,-27.721844150586804
64.87204449671775,54.374799088051496
97.91846632903045,-74.82780741160748
-38.658090926059984,-37.196011966284594
5.289298528973574,-37.17933710757213
-25.219410698042168,-1.8691991407954411
94.65305239189972,-21.235220471343695
-46.68481250593428,-60.559869296475966
0.46252999720433063,57.398107603155225
95.92563628523236,-96.82543869380306
-77.7629667809362,-61.117013153854025
-92.67642880657696,27.251670915669223
-40.04015811235704,-74.03216573209914
12.90749520733716,65.04091985039659
-39.90493493665892,-12.615102649461818
-65.03499084223643,-30.6254242138559
72.15523975786387,-50.77296368114834
-28.31368434490493,7.720980058968463
-69.89865754065589,-5.242256003927048
6.160902201860985,11.260159396178238
-35.60892139650997,-94.26044184419504
-58.86139930397378,45.2061210652152
-14.502252672341708,63.90226671870989
-88.97029511027625,-77.25470375879262
73.93441867574946,60.61167070126421
-25.088306313312824,-90.16974022102625
63.18570125396419,71.07402069089466
-12.753050720052261,33.770664275316435
-69.69623437601985,71.83262183731696
43.27937917074331,-5.407894679694647
-90.6863653064408,-74.75700654048644
15.735023181773688,-54.66550249521236
20.733469087536015,-88.77759350472867
75.76874539196619,99.61707287789832
-67.99634534844705,-35.38380093749094
-34.873857853064315,93.86834007796259
31.670582747860898,35.4040546439913
18.417170845570617,58.97969228756112
30.385107953180214,79.87265350886904
82.40621668675472,-88.00595685356392
81.1436475713032,78.90617865728625
79.5033570232883,28.26614628796125
-53.04305682830106,75.05817495353891
65.2009906341332,95.62506093058005
4.106596784494609,-16.757337926625993
-2.4487952914414635,63.244455533560085
-83.30980793356837,55.04963178063471
-64.7855290277653,-9.93212793729381
-51.037646999521115,-64.94497635415266
-89.89530402464977,-29.643842439076717
84.3653319596978,69.48510545295599
-20.677785912389645,-33.59097361945127
64.56622624576394,99.5119545012471
-76.02540488254628,97.56107519063208
75.13427502366017,33.621011574151495
-39.47561917043376,-58.78902244975055
36.28931439500735,98.41381801949764
27.535684385222915,4.606359775692703
-90.5033442108898,-6.238190266548949
-61.762430173315195,-95.5065603600832
20.497729287869305,-67.87317274378523
53.24395461985423,-80.64411971092504
61.37551151425291,-28.293234708284576
-96.4683194321881,-55.73986734193876
57.33506402066244,13.231857877457909
-34.20135916115963,80.3966332310299
-29.051558730146553,-54.89900475716966
43.23112007753913,-19.87037997721761
-13.102588575566987,0.6875114041142716
-36.43664020139119,-79.2964234318266
-91.89458777960779,-38.292003461924565
78.37187607720307,-17.84918795848278
-28.054499324900007,49.48776902559948
74.77725254072247,-93.28606808845024
-14.669932539644947,90.96372360493335
-53.220121547210766,-63.887882197543554
-49.222512361680934,-79.02048940842312
79.33561283659438,48.755533187595375
43.96809567957263,-25.91713034458676
-32.212294640636685,-23.07381679479783
90.51831246562713,-41.32928711656396
-15.803845560409213,-26.841840951303087
57.77032769523889,50.17931529928559
98.80511474771527,58.49745555391868
-79.606863091005,89.03308703510248
-48.193733520331094,8.663375572428889
-82.79674522588334,-19.302101178537455
-18.487392999936493,1.4323303218335859
46.25517050222956,-40.8410156132619
-28.549992270101487,59.43204189379312
41.97260105019613,-30.690123574712324
56.35676779880476,-12.702189268248464
-43.990017731378806,85.94086741586028
96.53671287073998,-84.04228941155137
-92.69532487897854,77.85999338353137
-80.12235977118183,38.69350517755954
-0.4260119388572958,8.907281961595825
-30.106063301488927,75.35958521740262
44.028278996236025,-52.833118922814215
-47.10649689509676,-39.51229989597298
-22.11894416690061,-64.62284595868422
93.75771771451531,-77.07509526811816
-38.2018540215638,-41.050533533080234
63.63391609302995,6.543697919226599
45.11863815269117,-19.985680633457005
-53.599938101873576,-80.24756556459367
-47.26858447471651,74.53759919690717
-95.23086040049095,-12.328332769291105
58.527306033892025,47.99563431291909
-73.94511704545256,52.09216951334126
4.819501137680193,50.05978706929719
40.04859939528333,87.61044035634771
-48.40997622939369,57.646992139569385
17.91872358742015,10.737113943496968
-45.31714995775526,3.7558674614021514
64.59289174856025,73.22845154704571
-87.5741840241033,87.98712860926987
-20.615215507265173,45.960765508547816
73.09813399892721,82.0303279479478
-98.24489489575872,-10.506600530598952
48.465333168475254,-23.13407725018579
-82.27905142783602,43.760804899551516
7.228473339556363,-58.97795471931357
0.6978987566561123,-47.10747262337121
-33.16397549661001,56.7454373401648
14.53272185643768,85.23574894844963
49.104886877256845,27.602233145998433
45.761289873005936,69.51490218931838
-89.38051766382019,66.37860292169766
-80.09734312654979,-84.41065990781873
-51.681785556046236,-32.21086059392153
59.62855919812424,-71.41186433169247
-29.630425775435377,-42.61161058656575
-67.51205991513909,-88.77238543689884
44.915273080955956,-35.95204522900482
94.21110845750246,-97.95113974164498
18.105514913123912,58.00659680990539
-36.98124022986271,45.189119305265905
-92.18254587163366,-64.96140999816762
85.51957599102553,-55.59073989767271
-95.63150197338337,51.18918854028445
83.64229705750996,-54.33649605714312
-41.51990356964246,7.214751403029251
-29.8829436200305,36.73029519876785
3.004048283993299,31.853016825215864
96.4588836722414,80.06009616110002
-15.12648383383437,14.201726718675722
82.48223423475973,12.905411463665528
44.976800902267655,-14.584069641928977
12.571101648524552,-97.35592357512013
48.88316462011606,-61.494523532097745
-47.967896321330336,-30.360826645930004
58.86712500557272,-28.94111614660313
-70.52077924785245,-26.058205937311918
-32.05221443697886,-17.11874040514798
-15.004435690957262,42.80216404744996
-14.757590199714832,30.4730907354287
-18.804872744179125,45.817179457210685
-60.1310312678556,-49.92577778266756
82.56480586361845,23.31358326647175
46.9429238513668,-59.89614369384129
-98.06814313595342,-82.82097568360042
83.43428749028156,-72.5613036470437
-53.18051582494678,-95.26844276666597
-36.06762802464216,24.539948003965108
15.620276104138808,22.086612661793946
49.95827656310885,-15.037762377533937
74.11857999877485,0.1678321319919407
40.08909408617336,97.24805151569565
-6.471224325291103,49.43897542975093
93.18449229587638,11.864092942551064
54.42720439477067,77.54723866191104
35.940728819061405,-45.45807898731717
-57.96419603799927,8.431431330628048
17.82689670428219,92.12813573884893
-7.057566388422787,-30.874434513536507
77.36203343767214,-5.108078671466942
-92.22478319127639,16.543313642757006
-99.8258128175604,-26.68473219952796
25.41734478428164,-42.31494973902299
24.34321773112904,-8.88470058252504
78.76022589236985,-40.479745397183486
-14.018445579788686,-5.297589831064076
-81.39653554696326,-66.58167194169648
39.72700227993933,-80.40322595097685
2.0093770797777966,-4.892882698790446
-2.6299713732190977,56.86884529055158
58.307929750167695,-74.14374624489557
75.3148479176538,28.24063740033114
-26.641478694895792,13.079621152938149
-11.994815766226253,55.24730722956179
-18.507478652210207,55.34866701026231
-47.801839561742774,-91.39363504368501
94.0063475566426,42.72992667664146
2.8836443913444088,-90.04594975935576
-23.253085683799135,92.75124943854172
-20.563742617202287,-60.18370972079043
24.277103960637646,-33.585806575898914
35.80859077718124,-35.143500328515564
88.3967277990107,81.38375519150904
-84.19026548698949,-61.18901155216321
-37.588999655514456,78.74425153851254
94.65627916746759,-23.077625658556713
43.69636265532226,-5.453898197466733
32.462967473701724,14.719255807873054
76.9995522259964,-58.58678756853799
-26.88055031195691,-70.81346844690586
64.11542291615132,-8.272944778585245
21.889030558496692,-67.57553899294109
44.152633152920416,45.63156251948512
-45.92620522699604,-99.94125308455166
23.934014624487766,-22.01037749433974
-32.477402143366184,20.818754501791737
46.722594869101684,-60.40793887150859
-87.15627755167618,3.53004589376833
-91.1918729098393,3.7693846315425272
-87.26464117799624,-54.672163353566084
90.94413623527775,-41.13288969386042
-91.9092911757802,34.379947547552334
-42.690696092768654,-93.87804501106349
28.947856392018533,-32.541060858087214
44.94911603830727,-60.58455848056583
52.93437271037244,-54.12620342352894
-23.04603785312027,44.76054613491529
57.41623811617475,51.8903568473656
-52.98391370468691,89.14562315917922
85.07056215969595,-93.30645583790846
-57.935123193180885,-74.63240780067089
-90.44677585256682,-5.479833656139532
41.15062865814869,46.99111293056482
74.53239868814062,30.543554536989113
-66.22978953770848,83.93875937565711
-13.783587596101189,35.27392788002237
-80.63979211573584,32.61565449245494
-27.572559637623726,-93.50225719556468
-80.4015880060468,22.340124744200995
-0.9277824100923704,-35.63222427626229
-76.2543004650882,52.11936297230206
13.44022573330692,-12.666048255720597
21.470083345071412,41.83469398947635
-83.05556923680216,-99.30389359162062
-50.92386312522077,-20.627609277741232
-45.835611346698315,24.02716726555154
-15.300593294784615,-36.09350025448841
60.96669505887738,-27.981012804341532
17.34940336049613,-26.514071967372367
-17.332513056571884,-64.53484177418567
11.712331132057319,-65.69449320606647
22.64547160156145,92.4402936138631
-97.83280189134102,-80.39137157320806
-5.670142076911988,29.391313738498614
-0.7548662154428731,-20.073427111097963
-87.95422709419769,-79.76945536104132
-49.95105572631413,94.56669592764682
-10.228876119570508,-78.03131410437905
-3.568850538729662,-6.2998002947339815
-59.87944264223779,62.03705750393833
89.4157634060964,-42.33152391815511
-14.879224428567174,-84.17671770397659
-64.08220319553128,-91.4330749458231
-82.32330514751361,33.73004238444539
40.06152274314721,46.46957479497444
72.1936650111869,51.805926572914075
-87.31742242518807,-16.41854682942878
8.025764101954058,-65.2971705147097
-58.7083234135541,-91.49013824251978
-14.36137888058795,92.41660248499954
-56.97461222691204,71.7254492683198
-3.6739807147028847,31.977862676035883
84.28547404854956,24.48195701031026
85.52421314248828,-33.05018725853475
-33.79154637546029,-67.38321475269346
-81.44011218551586,6.24530252359996
34.87409208621352,70.81460106371406
-91.30549133477655,35.167042876499636
-73.19532224237761,81.8924178009213
36.68277605112087,77.25347382634598
-74.49994765793748,66.52531674824924
42.673196414284554,52.19858912009039
21.25066862131675,-41.69513052489291
-37.757813129675235,93.13436966527587
-85.25316635481992,-67.36568218175537
26.395165486537753,26.189912394530946
95.14922107318515,-32.62722807656924
-5.326349573135158,51.55409509507185
-79.26387634650646,-18.60994098363642
-76.25356971871682,0.6160386305771093
19.88271041093825,92.32436256627281
62.97333096356959,-73.19515383105748
48.13177943057432,-48.98908215814124
47.617761170167206,-72.1470762313482
-18.174137279346713,94.07031742712712
-35.90923227410041,40.1370184255301
85.80494316504361,-13.500461016805353
-70.81562173329465,7.089124002625713
-71.04948841434707,-80.44028196196831
80.53945461426044,-29.331830368744406
15.491633597130416,-28.206253719755292
-87.17022978219144,-74.78973773861446
-13.725788376921798,61.338819230628914
-49.22832516465539,40.04235609375299
0.6988060388469775,25.327830433271092
-72.04042475903832,-61.35601155704373
48.14912460578098,-18.659391276732464
77.22190594735349,11.132067441896453
-47.31199781182638,57.01608955655373
-26.00261429493664,66.39363586674345
-13.021399789186239,-86.73026649942956
12.619475396871582,84.85708336267035
-96.05405571327145,-64.12853649777365
-46.59958349239659,89.60268205214783
5.436166052782587,-8.088889924382837
87.18737431831016,8.294247039243864
-5.344157797331661,-99.28976943775886
-15.287631336785502,-28.881916344752923
-10.704401246728533,-91.97133378844046
-59.314851806856296,37.10837116410273
11.906646990242287,-78.71181084356165
-69.58426551160221,24.278898942851292
7.661045948344403,44.033289748875546
-70.23010153259301,-63.387943564189555
98.88813552693021,18.12513006137797
85.5426865792106,-94.85580545664027
63.19319155214327,3.9786511460646823
-81.69225541032831,86.15197347975364
-24.810423529916736,10.048225927579946
-55.96522785039304,98.80529938604006
53.04492722312122,60.39037575810511
-32.37266517455699,39.14357536153219
-32.35774612764075,-80.52327336561585
-91.13522629685751,-2.4565677759258886
49.48462249456151,-49.08110787366433
70.41997080491103,27.315174671818674
42.80059395946589,99.44927670190262
-7.170364166776544,39.72451900769731
54.455913804675134,-46.380509912528
29.005770449997303,-9.045405535270312
25.93293996596515,5.117829923752182
26.202658408962698,94.79328234951576
12.640448099556911,-36.11531355890405
4.810187365300389,42.205880051949876
53.90991209469722,8.164211071760285
-87.41234254939052,87.52895819444429
-8.358019752633684,-26.551007382890248
-88.62716390075427,84.49954112885764
87.40975256338528,73.95305562110256
74.15187728561993,-85.25972997236076
-85.09465761163118,94.27676720460629
85.58055881887871,94.4969338474262
47.51101565769864,24.111827196216783
55.56036464305873,76.37317088704918
-72.38134081750924,-27.37828610868187
17.333377427576746,-92.56431310397384
-15.487557751465463,49.57067546378919
-75.07534598146657,86.6705285500041
-30.282011701161295,-60.390773516594805
-49.99412101158398,6.429448534934479
78.36135991892952,55.25777878655036
-56.77248763462492,-40.440531331394936
-61.8772106993859,-48.16192898769343
86.111954297687,8.656865102436928
63.6270875950401,-64.22763939998548
0.8382279877389598,-94.53444639654481
73.82354766665075,18.086917569231133
-60.903586415763215,60.64669979587873
21.29447699604663,46.282058616795354
2.3663934477826665,-68.15342741809187
-35.31579370334692,91.6832825086613
94.25974346094885,0.3021473240569117
12.597856143656227,48.93176385259726
-60.82137423511469,15.334319702469458
61.90837055678635,38.796060879474204
-51.13696952128832,34.05625882755887
-57.57813250525396,82.39629675877869
56.556708761931354,-29.623611309696575
-86.08012150686525,92.15728498514181
69.41274116592675,69.0790530738479
-89.7950412906303,-31.217899132872027
5.21769918455306,62.17775172591815
82.90058504569684,-67.63230818011256
-1.7970451971418777,-5.231139078391922
47.97046688045236,71.49899311950463
-1.5229106312879992,-81.43561411905705
69.07950319116247,-85.52280676647727
24.571635252445724,-46.618213433663456
-81.69396565640159,93.95056615625967
-56.99259951510276,13.194274168431775
16.325560368502167,-91.00450920127648
-4.459098711972498,-34.76670734351841
74.14714285806537,27.715922934976266
-86.97477152666279,35.03509730781058
9.423257563779309,95.2801179415515
45.73406450795143,0.08756240351388556
-64.9229448820424,-72.67910700745597
65.87193791375144,77.99692286699143
16.988260065334337,40.54480029944718
58.634034621768706,34.30331726461047
76.8523803958988,-51.85345838349868
-32.48810099274018,-75.13638305443857
74.46228287670618,54.8049837934049
-94.79254940440825,92.21969833117237
39.56273073345995,54.7177425645514
3.525788135070562,49.66699461767461
-12.12849101509017,50.02634342106502
26.4500919670404,84.70408672720386
-2.9248588466003866,-70.10458562518419
-87.33526275329608,-45.79769050732525
-43.22366382555778,-38.012112913364106
43.088603921149286,-6.34408888089335
-96.83942963080925,-21.172270448994013
-64.91952499642528,36.833500923249794
75.58378244333296,65.1092390987659
-78.5791098120852,41.06078988571671
15.011843802751002,-64.73813464001881
-8.943015704116043,14.192478755258442
96.24222181949472,57.445195390468264
-45.48492295570059,-2.4430962455797456
-80.41794570287995,-65.10548206295887
-97.41366347190667,-65.3015299346211
68.22283477102202,-5.209357754480748
50.534269757116256,-24.153730814154486
40.968023883126506,28.0746359689261
99.18533080693912,-39.93507993713523
13.590829408278605,-58.793178791000564
-35.784899759529274,51.9140016610997
16.72068603006174,-14.375516330818972
50.70153018116883,-49.926839020836056
60.40654057870878,-32.42659404631216
-41.616026602663304,77.80424751445327
-68.69886065825715,65.59875150545373
-60.36856480588355,32.02215381714435
98.45846360813309,-72.95032154788356
-91.36098242657428,27.897375766442533
-77.31137486714417,-72.47564343855764
37.12745164577809,32.8822848407436
-45.52695573757015,68.2001338401552
-99.03032656679854,-95.78387211986454
-51.399062301831265,-42.15168119715882
-50.102681959159526,-46.183700349175915
-98.20840591009012,96.7349824443984
72.35229305441295,-47.62927828614916
-90.60635445992793,-99.01198384263019
34.6093888252865,53.77569391752952
35.99164989442589,4.420681617050137
-66.64174360909476,91.946257510758
51.58675876151093,62.81669468010003
16.38027978539247,17.857832412947005
35.68519565937736,-85.38116187571727
28.49147174547926,-55.74538365613191
46.79811398604294,72.2624073433888
-34.51352655597497,19.697341769712672
25.951744169529878,4.923546322128569
35.622213172593554,-6.683132246962176
-31.133352804781534,56.34004153195593
-69.97259832574258,4.436049940142839
-35.87341438936691,-46.82419096558523
-99.42053346061996,-75.76113422169506
-84.84630161842847,44.90158692061881
-75.55060496409627,23.112806950836283
-74.02532490064519,62.35547503232355
65.7705612322518,-33.51291660018798
-89.74189063111055,51.792221031848214
89.23735416103943,39.25875384366713
80.9607208747971,30.71723324389739
28.66019042504493,5.7833688654887805
17.322020254879877,-13.294502225303484
61.084060413902776,-32.67501783359068
62.04871615067433,-83.29674602288205
0.057883026497651535,-84.57809618287666
-97.2545398670406,72.48153943407421
0.7875495627064133,72.17115404323988
-78.47556648024627,90.47817066119667
-43.331300902274485,-66.83256780971645
1.930190185828895,-78.87915141012898
-45.70739279863925,31.82042781094845
32.35323803206405,12.66081887108028
-9.111245257995693,-90.62587200206585
95.004226024039,-4.936918346872532
-37.615837282303644,51.43204125831795
49.56539341574291,-96.12422870238173
33.68617509196235,-16.870796282821576
-82.69683636058735,52.458021759808915
-87.48841679402626,-31.07145381310894
37.36753445495531,-42.83643052787332
92.13155723919637,76.85358398570929
-86.39537921124052,-15.000651270772615
66.39461718158783,-65.32641734270696
-55.61246169537895,62.901857240329704
25.538740427900454,-29.84346618354172
34.87010114289502,80.50807700503968
-16.775316865403767,36.3057230209495
-44.57590907990707,-47.065803737417156
35.3610626421266,67.05422582146383
-64.35153172995646,-20.035089737676582
45.097922048749716,-17.0855346358342
-43.92849955009315,83.756917785423
-0.04300824786787061,8.628044203801831
-24.16150314540626,-49.24966406401634
-7.3408343621451655,96.28279683372698
50.140429983785296,9.796422393804205
45.24849370532535,22.151204125116774
-14.217194137479193,-75.71048222441135
-39.69983897706075,34.621575254419845
10.273281248422283,94.48970363617141
94.89476689485454,-16.93175360284669
-88.92246025683654,-32.54396365213703
88.86646353063539,44.79945611879275
93.3886839880086,-55.47332968030694
88.38069975931946,-76.6273448970647
69.68097117689125,49.019115961315165
16.011962318677497,94.71462758151006
67.30560352372675,22.634978173042054
63.932313379510866,-77.51678785408124
87.85496294071227,89.13994633697703
2.620339515598924,89.40630180966005
62.15158547355881,86.43142554504857
-24.29723381776323,-51.980786929493505
-77.99675914558766,76.32235853635873
92.2200064950385,-84.77539004894517
82.71798031015751,46.59699135168718
71.922395474397,90.54256754771848
-47.88793839445602,-7.197202296490168
-83.86315883476678,14.94368986132586
-94.74969221341189,-44.93463383570215
-80.81430578063984,-9.349299759920871
-99.28465957328648,-27.90212467084501
19.01697449309381,-54.67406616616059
-86.0725144374111,60.11119363347417
22.007919037515244,26.03631191700808
6.220569487472094,-98.01697347672962
-5.548757410584959,68.18037331436429
-4.847248924104952,-12.14277715821992
-56.113173695950195,-32.614077278195744
42.08120443938774,48.58452940575837
60.90245685917823,16.61446196403531
-18.352353739543894,-31.99042570723951
-62.889734574240805,26.43965269158759
-8.452685984016561,57.59604893285524
2.803518047126352,51.169545440030674
81.37749095512119,69.98137948649388
76.38964349161897,-7.2497635728483445
60.89480907782148,63.57500482945764
-7.888976283410187,62.049404956018826
73.51440517907153,-90.07898993850678
-95.91193438728085,43.35298537635457
66.30973716469457,46.70457832502684
-7.835836685157704,-98.84761546301775
34.87494874692165,30.216545834493736
-23.796864320176027,53.69321871730024
-17.882000794616616,-21.52590646957624
20.228594818289448,-41.160341402235744
-77.68349391547555,29.522514614761253
-50.32709366853183,-56.21563087360188
98.06657080685468,54.908319457755624
-81.32378853664581,49.68610177387729
20.791769137050743,-52.97901334753428
41.95374870862017,50.801745555696584
21.272736457127017,-78.39351371534833
-6.637225302356375,-37.49026528302999
42.052800127428334,-4.283850509298426
17.12500474291716,75.3686333654339
-28.68028475595723,57.180240784385084
77.74586289859539,44.68882527538016
-69.47695855966754,32.04934529340486
-42.42519616109486,11.157437571904062
27.628121787228398,-2.8158694593618527
98.6369746251238,47.31884056802824
-21.00412448672635,-47.18444417053333
-1.1810821531497817,-78.94402616332547
29.77872183029866,-33.379526795340176
28.022054508703743,-6.977239539555669
-12.712290610564247,96.49804467697882
4.2607356143875785,-34.66133204530131
22.70278215395041,-98.24204635179272
-58.44010182461812,2.439678712436666
-75.36683496318392,47.37063122517877
48.73842722298176,-81.37177978483233
-65.00790883014417,1.7464052441066746
-77.89314097606461,24.35040432076945
-8.68449091571144,-16.553086567456067
-32.06115418214721,17.006457571347756
-87.09320123699764,80.9595279867484
-16.501963176999944,17.422096735626624
62.27262492682814,61.58106903643954
78.0907651216721,-39.591890718257886
-5.906028419491105,72.76308146679395
11.75184610243929,-70.57772462246395
18.102135089196736,89.96472900094675
40.913020492437255,-61.49958951879706
-33.22888148110115,-56.17318493019643
28.042963717639058,73.8263259909402
0.7667214189313931,-36.478674899659104
-35.50954178461399,83.55282212039525
-66.41257548225362,-67.65474543409171
85.11918088454526,26.042949807872606
46.06423309835272,-63.95213646774835
29.594160790311008,-76.10549070175601
-7.322969122664746,38.58989523642799
-49.13184680166454,-91.43146075870325
-87.81438896421896,-66.49364214806852
-62.189380946517005,53.99990380980411
33.66913703150472,-11.709697449945878
-12.528893122705043,-72.24460089977944
79.28859826067803,30.440311142571307
-92.7563293289223,81.08986518490411
76.72613082761941,-87.50078901317157
17.477876583925145,-31.514058829309487
23.953546717558073,-12.574718318523281
92.7526577761397,88.60309051720989
36.87277244400637,-48.20968369013456
-74.7696422359297,98.69145647132392
-95.51174409437431,74.6523974140779
57.34019820451308,60.930379451582375
39.64925133325181,-96.57131920310489
94.37553783489743,97.85096978419486
-49.715392914591725,84.16770486243507
-38.79391286096032,32.46292405969082
13.883755086712357,-40.18274372938251
-97.16299237857575,-24.20384377158653
15.818314441746729,91.47801312425176
61.9331364248197,71.24350921104423
49.159356000939326,71.95161871589988
-23.102436944410588,-40.073447583079535
87.85424968014777,-54.62335573223462
35.83599937825566,-99.82552430258988
84.15598102841861,86.39188717266227
-19.559654797502724,-61.603096177150476
62.97002093725028,82.96969105128089
77.4744574270474,-96.63001025041721
46.30396443375913,33.04633166957451
-60.12153867758548,-39.6095156368925
-38.42366150245089,4.582122525224253
-72.42247259465924,92.80682633022931
-23.472337604844995,70.8518016888197
67.90868069274372,20.414711215282534
45.398014004122736,31.539258778892542
-10.49702827202681,-8.764846459430785
95.55524882456756,29.69799153945609
-52.53346855902061,70.36658657693518
-21.823295069268166,-48.04226618610874
-27.560232089895308,-64.60534612749271
-92.68928235772569,-5.650276484927841
58.55749168707916,87.37351900869386
39.266134372523595,-56.935881567437185
-33.70664202806881,20.692073920641143
-82.38077058959006,-23.195594915570616
2.9154712907212943,-68.60711200398089
23.11687106344302,50.189050635589204
66.27032661155927,21.180890781597796
68.56941769745805,-31.706687843628558
31.413353640819075,-10.332016550462653
81.63580582925117,52.231573766225495
-67.78393101122452,-55.82216935122195
21.33937092549443,-5.882192765793448
71.18916741305617,42.947395240697176
-63.227648234451664,-22.739825180685223
95.98357368011168,9.197212354356665
-71.25623518378138,-10.068930587395975
86.96128772025756,-10.205103739706356
48.8861292574728,-43.3087799166995
50.88218273578586,76.48105663280151
70.68694642771875,26.10412778182991
15.56349619215136,56.459194491402776
-98.56858328286731,95.72055613247184
74.58348422190562,-73.09451054416051
4.466682696598023,0.240857252227622
-7.80175239093901,0.34296304111465226
23.167755861446548,-26.69617689335322
51.49560440088885,37.56898241007922
64.41370680547911,-59.46830326019852
28.735908166259083,46.38721628721794
-53.78560899848406,84.48469715314305
85.34743988005945,46.985054892984564
70.1097437983308,-73.50225556157532
15.816164791447672,-41.590940208140225
40.170732039780546,-88.06947158040543
-78.03346098266056,66.07996570873209
98.23949878287486,59.26478477788817
-19.192578991579555,-99.64099447986221
28.855374577314418,40.67003951714909
85.20640168532788,85.27575249563566
6.334276711915532,13.860507260033717
-65.74879341137641,31.215286481880145
43.53219406518747,-78.93408915575498
-92.49095532753324,80.34282879898285
73.82309333976443,-27.49333200133759
63.01799530107311,27.241178508981
46.59034965112343,60.94263379212255
-48.56264154999725,95.8331483296934
85.5677577310141,-77.5268312690126
31.86700391593704,-69.49155379503611
-92.88416880043886,42.71634431958569
70.10376674816419,35.18621291446915
11.753603141966828,-67.59323454971798
-56.6090480316231,-18.167245353969697
-23.20839967029451,-13.926687997557918
-86.4756335759072,-24.39049359126639
-25.290086451749705,72.24087230987402
7.108990861289999,-15.657647698426103
-64.54923897386766,22.61177278461659
-18.485548441123136,-96.37861799520051
17.459456930238492,15.810285064523733
-94.24645104107141,56.489102559183
25.963124427168683,98.97266906691398
22.362100628513826,-91.92727978779376
57.26436335355769,-20.958702984236986
-96.51039981343115,-91.92029230028722
74.96843738824937,-29.815745797663773
-5.276373167977422,-78.08968140048063
97.8415126574156,18.387313697192976
-11.691700405193362,-17.039884544560692
-81.90900776075358,-51.32089590404632
-39.528500460264304,-41.11325386466991
48.96179929915512,44.71872261430035
-75.1000061735144,-43.153452886757584
67.8830815662235,37.67695473052592
-43.34150265023331,70.26952027470898
8.955944171223983,-58.798537206261756
26.285619626609314,-99.06110782202128
2.864229347820424,97.54467608556223
-51.072123070625096,47.60503342992952
8.465318471642291,-57.40194932445455
6.25471387784422,42.04982749842365
10.13868412432528,86.90269228070997
-17.142769750112173,44.53584359658893
-18.167770804464766,86.31141133768729
-54.33592770078219,-46.12403579667277
-43.306055815060354,-88.14023575615037
-6.88028260836393,6.960600068261558
96.68679833444949,85.44657770176052
-27.068657751031843,-6.997543214818647
-80.62859037219752,-20.8750984665669
-78.40528135826015,66.41481758415159
2.6767596238281843,25.616008919633472
60.12141855195221,-27.614783472032876
-34.18087642202687,-65.46014291290001
70.56610271980743,99.55454271541623
19.14748821701433,-26.796193311678795
85.76168523901144,-50.212092091357505
64.38491124934558,-27.141900610605752
-56.85937094864484,-36.983217464514716
60.42944921159208,-65.09173879759076
52.85401190518586,-99.00228906481708
31.158839600328413,47.31695895164181
63.18855873366112,34.36973432137147
-19.006248025032146,33.60605209460567
45.74669397565072,-27.62072445934871
14.572215410103784,95.40902147867165
-82.6607017284414,75.84427263954996
91.90562171381085,-96.74889764937733
-97.81187339806917,45.03116786883672
91.89266265846241,-6.390290173319291
-53.36481134222193,-10.26180072067724
93.01153536933411,-76.81067448130638
64.70713235772429,7.659388614975016
58.43748331907188,-21.39188516679409
-88.15895561942068,64.45707621107263
-0.5837500209177948,-86.62696067944677
-63.3270840241849,-68.04367959266493
-39.876503444007504,-43.67310610862174
-9.738785826518948,67.27026398596709
-23.172795677838497,26.553415946488414
18.571823159435773,10.65588830572064
14.874151220302846,35.681911255197996
-73.24936362642833,-37.180282222977645
-35.882710452488475,25.67891832558564
26.364060708299377,18.469449256074633
-15.852498905343083,-85.53008302922711
39.22333449572053,4.03378716872973
-51.81779426917365,-0.322183935736553
-82.54262433413477,-39.73599288687231
-85.07344654039323,-67.8332522682366
98.01364678550819,-45.38728699645211
-93.81164255986283,87.94418507272461
46.60658183478568,40.48293027709706
71.31988758730361,90.81890108459072
-27.314298694541673,55.05640622825643
-32.296909620604694,90.06501765792763
-19.065346260113515,53.88920937741002
-1.9947061210953576,-29.80306771466179
38.0553918160963,-7.061765964566757
-40.35379148323257,3.750073286997768
-87.42844885323875,42.33952183408003
53.803067047443356,85.91502855229065
36.00690397155984,-72.88113600073403
48.19278873658839,-33.76037115766821
48.12435506672863,91.01372250434743
90.5749193229238,-94.50219670332022
78.08807684403702,40.69750604601221
-62.8991336635148,-98.80828999473978
-1.1332991099896716,18.97030525156349
65.66617471286614,-85.66819020854813
-3.426910833769403,99.29265931967295
8.74885589905221,-96.73617528100739
83.7082058578255,-14.314891471285286
53.48853893734684,0.2730069592051576
-95.3990956167116,-62.44608016169906
-98.0558085594825,-42.90058287431879
84.64596384508994,7.647359218881933
14.623696065447223,-14.309068750581178
88.16397603586978,36.22424484083937
-92.99545621381789,5.794770573429586
75.91076660600092,80.93420640800355
95.22317648737044,-14.195931479398084
94.40059042932636,73.33990446047285
51.5562106730846,-89.33917587844735
34.13569766171112,88.9614042206276
-0.6694896172377174,-95.82245217446743
-13.228019298951565,31.872072949241637
-76.63749623529041,6.780686462099483
25.94595326137068,13.939700555250244
37.39837908021353,-65.13342123440434
-71.57399220614644,-62.84010114401024
98.7074627507821,-58.67404225614257
-49.358970249689385,89.0335433151987
-72.91792638548146,57.18609534699179
-46.95889987086424,-53.68341025445369
-17.658209600334974,-32.75058963566415
-39.99582670036352,-98.49020122474612
59.86391925251715,42.19574167884075
37.26228528198037,89.26228903976157
-94.24649025409764,-75.3100241394143
-93.57599819029868,-13.325049419003609
-94.82095164522852,-37.828605749593926
65.15025970611927,4.356111178306787
-25.39764618429372,74.72316109770138
-76.10934356523649,-72.79352036711487
-13.361701419806105,0.4578429491840508
-86.79032192051514,-19.400547218161623
34.15677492624572,-90.84710752145429
26.677756618649372,-18.79701622835468
99.5083806560853,63.22698935849205
85.23316734481764,24.572077682151104
-19.84796046690287,8.79341077800917
-72.47017340485478,-29.80998916330908
-72.81497887676076,29.745216782236717
26.30043577744823,-96.72922298087911
-79.03995498121303,-57.03372341902395
90.43972226911319,-22.941639390230527
92.77500034880686,-52.18239161657849
-92.9767256361054,24.41277247252596
-30.726555885248352,-96.86266482349663
67.27326008248764,52.486057613903256
-23.45027171245304,71.39419451377975
46.86859883853523,-61.09466313076493
18.249685364859246,-39.35157756188883
18.55801766120937,-96.03296760512472
75.32363194638478,19.1440332967725
-60.59781183730906,31.63729142897107
-24.869940237350097,82.99754694541362
10.450912920980082,-0.013025363156926595
4.626676481132241,13.583055363803155
16.066617237879544,-51.95381410594071
-70.04880429357017,96.87224918732045
-69.82170613322334,42.00898882435726
-83.20913020545369,-94.59863229215179
93.33841832982424,51.87449229168095
53.77229695743855,27.80671811255553
96.09111588114393,37.84974904666238
-90.07035468828323,-40.47422816949575
84.39491741847117,-74.54715922872244
-94.63636725501104,78.6115682812174
29.677009093688177,-70.40940838603507
33.33512932252945,4.874679857078124
27.67645046766809,-86.6992977922271
-41.49767694153872,-66.6396813184158
39.08082006321116,13.311045454550264
-56.80223103844659,4.629195514712792
47.96516862927558,60.18215159669287
-33.816345223160525,38.870083121386955
-84.36585345645398,98.51730827981295
-3.8359735099086967,8.454535245280525
53.62386852405654,63.714447151089026
17.70765182583036,-95.63936494324001
-61.18446391885439,53.83376706098295
-69.32509831682809,-53.264855732535565
71.99464077195394,-88.23971644424289
18.602444160661058,-29.787060096600328
-26.718637267160727,-69.60613248797165
70.22787813361818,-74.60107704165631
18.804577360605656,57.538377387009845
-98.50356597572043,64.3661058866386
-95.74253279116733,-33.3614653997474
63.534714973618,-42.445439565643326
81.6495189842533,-35.97956175753107
86.76376731468443,-62.13618438162114
-1.4064624544213977,-50.489049857138404
6.724040766704964,6.305544693895726
-83.05351419883074,60.54403563701405
67.05569560933935,-11.442213158483728
20.537988046123147,20.153364721470556
-34.67250843768741,73.85866204094475
-35.483606590046854,49.18797593037021
34.6798676006961,-31.06570213858404
68.7625234945028,-61.204308096666196
99.38037290323736,90.73298343403431
99.61012619524843,-4.226283621153604
-34.44105234934946,-75.33606234213235
-74.39642469780019,-46.11641535926259
36.0585456700939,22.5081192922695
84.7344479096497,55.204589691254235
-60.684166388162296,20.769304596405824
50.77298428397754,-73.77944142216673
71.28651482867019,66.17829849006374
-6.89555266107067,-18.740226587143603
32.30867444621699,-53.76516998513776
-78.41375449046674,86.34890112980369
16.2792006309608,87.17751023237021
-23.380497773174657,26.888422308172387
59.03533825004128,36.71022318438608
-99.2583158908445,-87.12951273132174
-30.839439659124835,-37.14117713583447
49.52788360249431,1.407068921719934
-41.22529517459428,-54.830099213623384
-31.47074351586776,-59.796265222918564
-47.392905249104686,-62.93290394747668
45.0711525112724,-0.4891968492674037
-70.69940061466431,52.09345628371813
-62.577939622273334,-74.82047172724586
97.81268546707594,-33.31857829249867
27.060204636805608,-65.65927229823639
-81.5586644904009,85.84672814110583
37.60396709789209,33.72020420775728
99.02545936863834,0.2659532919498053
-86.54623422054681,82.64832990779225
-93.44865862536305,-62.20899594901152
84.39512031953751,64.48408446265961
-76.73811993122237,-32.7628707404797
-23.692357134435895,-22.740608622200554
-47.843303202327036,96.83036176058447
-93.08967300017812,99.32016038373344
-17.137452407309972,-91.4584565791123
-57.86924572219101,-62.8906596594345
80.37165753156789,34.392172151628486
-88.98323321861736,54.71615092306328
-84.57210182173066,3.975709001766581
43.58538274170671,-67.92804965437493
-97.5762810541722,60.77270854416332
-0.6275017740791977,-98.10362104450496
98.80052324004261,42.24830339435726
35.28116230311298,90.86054938214825
-32.98244447514389,-43.748197876257166
-60.70184353259642,-97.62537868427832
-98.90682196652156,17.75643705524317
51.76262864953247,-33.814375287761635
-58.19783753491712,-89.58874131845866
-36.1931428528218,14.862301240726694
-7.306076910607651,36.77450223916996
-57.55788255710637,44.46315644639818
60.83967066030092,-5.0302578405188925
-72.16118620799563,-62.95609695326916
-30.127409288150343,-77.97118872083533
-51.72374881922024,70.70070047438077
84.29894810567377,93.00918919994439
-57.753608813985565,-54.20470128649335
15.5834903589819,-87.21031288781509
-62.08720875102889,-68.33385821270946
-48.23225304313687,61.32173793700544
63.86265227344865,0.8452259118801653
45.05241385828904,8.877075983351013
-99.81610264457532,56.083394703424915
97.30088597967008,21.13521049301812
-81.02566759841652,39.730593516811055
90.9248217404008,14.78545915146583
-37.575758391036864,51.018710568730505
-60.059364275012975,-92.55270257152249
23.650033772473943,56.07823010688509
-40.52119396009286,-52.032691574291846
-31.82031177571809,1.7000491759558978
-64.93835344598347,-74.59021420297285
4.937979127402903,97.51698504200247
-40.60553991396827,-30.993385481418812
-8.66335426867677,-99.57726074371529
-88.73439333437092,-54.357899926009324
47.70503906891095,-51.55622533861188
-89.74611407961038,-38.03837112196573
-17.151861313913976,-87.78680793187614
-7.046939308562705,66.17568377138083
-98.40068005025131,31.051095226369196
-65.47358216209902,1.1994789713269949
23.38754258576905,-8.978831381852581
43.049306009139585,37.096151851612056
-24.381711697807805,-22.719626613305422
15.815800143927717,-39.41318350925533
-78.8852941739449,-39.650146706031705
-92.57311150691041,22.753470649006147
19.321208973612556,-16.000858256057725
-2.1440908948801907,76.77027211339717
22.029003655625367,95.32751521364813
33.25576086817112,96.94784644327328
-84.57260964945519,-92.3429326774807
37.58231401855594,-95.483119807738
-78.66381092411004,8.114351379479178
0.6851036665829646,-36.83909373955336
-65.24997322402133,-68.98143766836434
-50.823509447720625,24.656692990779995
68.24454783736343,-92.92945036889655
-77.99529356722459,13.836070539787837
89.65863397880437,-86.7092715523533
22.27235819635598,-45.96080905886251
95.14741274304401,-53.41259725581018
81.05746433846936,-80.50218007365125
-21.019041760363134,65.89700319327618
-77.74469766313692,-66.30630626900293
28.046143001120626,-58.634832145598324
-82.3098897727965,-74.0107696240755
14.33260953139406,-86.29672764727457
27.309125698104776,-71.19418496937575
-32.924223582153054,17.690605114389356
-91.05790592616778,41.48004127418587
-30.646701589181923,-74.24958385274336
-25.622928977239745,2.5103505899247702
-40.1962853390019,64.50249435378407
39.69804639176802,-31.521765676065193
-39.19817592254784,-75.3275538176617
-55.32676959854834,-44.43949612759788
-7.386860824260633,14.160852284708225
-64.00011112849771,25.70073212780546
-85.6564129627436,-81.88716074820644
-28.37064733397108,98.52762188584954
96.62593978606249,-1.3799518255198207
-95.50248576404398,96.1856898985461
95.4133305593565,32.70387634975058
-20.624371677258992,95.94616828764147
-72.50846215875887,79.63737369888064
-30.125836352142677,67.54991849890028
-34.84652011326881,-65.25438910239333
-29.835076534295023,-41.099317161791134
-55.91861983772619,20.227185727134668
-26.150245013820637,-22.286855835990483
13.590916016235145,-96.36964735422747
48.66776633930059,-24.69453964552082
71.58112259101512,-76.58757087804213
-8.10313807425258,-49.58461189242473
39.72097119400322,-26.347930012329044
56.71795271683624,-89.71932010462123
96.25935561580138,58.75954005421522
-71.53480571570651,-48.10004861520718
-69.94011114526853,-46.81646578747261
71.51007967599278,83.65190331854133
68.39462224464619,-96.45727089355611
57.19050380156763,-35.2388305900158
-1.0520548921964856,-63.19342282413012
-10.255215664789553,17.919314158445275
22.299310250916427,27.16067022791211
23.38919330761362,80.7668366992773
-69.59464375902118,-62.6199375985413
-54.309735698554775,5.996073271827096
60.066011000700655,-30.355117583513326
63.54926306471851,31.01361611535274
-69.70021141104957,96.22563050830888
2.0150033562513325,-68.6195889323733
84.36982897909306,-98.89932277231223
44.710573970590104,-20.13298276947191
-35.13818654987067,11.277498434854373
-36.59677769738954,-33.84999868314
78.60775897366881,-13.254843256299598
67.41527220484471,-68.87978519628778
-24.21982940608567,-68.40687186363208
-78.67316007585106,5.219176221325439
-41.36865376153065,75.74534606186958
-25.799695302445436,92.64687658515581
67.33335198645986,-26.630243267955976
25.33049368095346,-98.07069157194181
47.164743183423695,-68.08144755301251
-14.684703626944096,-31.243177457473116
63.496592106928375,92.86694342579452
-54.660957517829154,-3.574962866633258
-2.5423143319044605,-47.03305464009553
-91.49724435394914,-52.204940804514564
-29.107572745747667,45.49151235648223
-76.1968862058293,-61.01132328601386
22.952149397767286,-69.38532100003425
-99.32512721947174,1.4475558517605291
56.00233806602341,-71.51623553866202
64.88282059299249,36.97775585194343
-55.45670789013937,-46.53961242650328
-44.24044988849769,80.08725043655167
62.609195439263864,-89.86467668882416
35.57774499803648,38.89641100697459
-66.90227519762644,-4.716324374435299
73.02040025973452,40.05112086672715
63.30205901379955,54.955138681870764
36.17399635434957,-65.75029847285845
-49.08704570580604,32.73682376443112
63.55760564160895,-68.34521392195244
-53.793247451973336,23.932289476249522
-80.12241357370876,-19.344356657259908
9.802410178877196,43.4910615954933
-40.08045383565635,0.21658880946198167
-47.864280747386886,-58.984127235949344
35.65257825454362,-66.10268419502161
-72.5207969870412,-20.072432409090514
-33.26463090481677,73.47773601419767
25.486138268559166,-35.07753949993413
-55.155190357334135,-79.19629436256336
-48.47066931155517,-37.820274499948695
18.769548470410612,-48.2129031231725
-33.62287354845501,-48.32893031095098
-75.9122006286805,37.25458588413444
23.987168415409464,-26.280995714114752
-13.514886306618834,72.50480193614885
26.618724642656666,-57.80619686083375
-59.137170055666346,13.813217334085849
91.73192450992383,81.03798618468846
-4.598676366673238,-81.50690690526633
42.909685714128855,84.925480885
36.532523308428466,89.85975120117882
92.42394777847895,-37.83520843487622
37.694039825958804,47.63694179730269
-7.833824165296388,-46.32736517989051
-13.200438555988603,-79.55004578154671
73.9495653942223,-73.27955438165633
-64.56017943346215,32.76434644265649
-68.65795417081159,0.2848075487942747
29.675145963084915,-88.09222875837872
71.0286768210179,-30.312619932863406
-75.26043576600179,70.42620933298365
-39.85677441475417,61.277608602144
-87.2921157301862,-44.581795500797924
77.02352429777004,53.966971273355924
-85.4592861191333,65.66687835956336
-63.79393831240727,-4.742239670657544
93.57494727900504,48.12080985945495
86.88702074343307,-92.3555219181523
95.58761692321079,85.55834862705005
56.92860723721156,-8.252084315432962
-5.7745364390197285,-51.31639953896543
70.74143893803094,54.51386389843271
80.84527829096373,-0.795042964120074
-87.61776592759938,29.44054599964343
-63.43051146973613,-78.03389585790987
-68.33908923289087,44.18463452956802
27.544638952861746,-29.277700183766807
-13.038988804394513,90.16516112877136
-13.520663266449095,17.262346757504933
50.69925805540954,1.0521600623920158
33.15401017284994,43.261217713175256
-92.35487464964302,52.02193947453819
-15.59096776485369,-99.77838312551197
-95.13694782392726,-66.02286609159319
-89.53903910584708,-15.080619499527037
87.16571629295227,75.33493345943494
-63.55359966160792,80.53867032631791
32.902882131908996,14.764318039738678
-36.20138490815785,-19.649716863397536
9.661922313986393,-32.92409877321787
-71.7815136728194,-11.904958864459525
-40.307745855363585,-27.079323970664237
41.05282427744401,66.95593912898521
-7.329570577212796,-98.34279091416056
-32.757644002640895,31.86933001483161
-33.70250706669704,33.992303514267185
43.50081144519955,78.05439704739743
-36.493547862809784,60.57225002075555
-37.30352527124159,-44.137619076234834
37.21624973296678,7.3521383658108785
-24.18016501458562,31.655253158733785
-67.96949383885757,-43.33257621002833
-40.26848442883506,51.346639613099796
28.41329458471913,82.45414272798234
-42.04449238619756,-5.74979826096127
-70.87916322912626,-74.0634841234289
-91.17487752840961,-39.594216830903164
50.01611615277173,-27.0761384378565
-61.895890182623134,-82.52145716604804
49.15765367620506,-30.598679386675222
-61.349762218409445,20.125915948741092
93.94725826621789,98.99538129382934
-50.24425199028295,93.8122914754
-14.29582282692181,-34.54611677156514
21.03589288792378,64.4749225120546
52.23187380245777,14.700092857732905
19.447971319353275,79.10547550809017
-15.536401414400093,-31.052589479010173
63.377505478970676,35.45553243276054
-48.64647991815707,-88.10199679463638
76.96439946973837,65.81793503364473
35.40279352642346,42.547299229264546
-83.32738947426029,78.28765654649365
81.02760478800187,72.56878947801899
93.1137458992522,35.53510866080132
88.46828891913499,-33.66343491494226
-84.20289038315315,88.42377446872547
45.4620438926903,70.08634254703969
-83.4681456804891,59.23980293710345
2.9769035250237996,52.658486165485165
-48.22957441072653,-99.41043540376589
-83.00952220912843,52.756339157945305
-2.3590906909979337,-82.54764647806408
18.716441725688206,-73.27727977133185
-36.635755819381345,48.723520826127675
-94.02625282973702,64.81890199647155
-23.50553952000587,-11.89300775891644
99.3137739165164,-93.82415057547777
12.16797558416063,38.56487298299982
37.953656254689626,47.630388718921004
-43.852417116340916,-63.946713595523576
30.781028093516284,16.48668585973303
19.64045470822311,95.216153962965
-7.923796391148019,-4.791102304931094
-76.68988236091015,8.238174297284374
-57.872852766970425,-47.05787875783138
26.77506308977884,-34.993209119489
42.945318881847626,-8.286461676356382
-25.960113951267473,-79.90295816923751
4.765847076334051,52.90939634005143
56.44210342313747,80.49855263261475
-36.214235926533725,-65.57937782194476
-68.41404268523912,-69.7025564358253
56.594332749308606,-74.99162171138079
13.969804265158459,-31.60088827878034
32.284316192664875,71.1256492795217
-49.35040666280231,-28.053529353263862
-13.858539578504336,34.74668515251149
36.42768788218713,-93.00360806870775
62.130594083792424,-25.08990452333313
70.33563297215697,-39.37277594335767
32.30423730362357,61.70776339922928
-53.17732142732454,-67.33421326898039
-89.02380832017822,22.410135135249455
60.86769631516129,-71.46743432910408
85.33661060251205,-69.34265395053663
67.81872417743635,-41.917253177422964
-90.38336625921288,82.89965118155118
82.69637924792723,-30.355490699040246
0.6341731445222765,-39.58758946840906
-4.160087066004303,53.96338549834741
-64.48800299215469,67.62532507662323
58.39738895944,31.82359405524162
4.097430139069336,29.224580644744623
-75.56474230929275,44.53833642311016
-81.7292573515387,-75.31906238929484
-7.448723610132935,96.6685620357095
-79.42962384558543,-46.145625892727615
-5.961523439435568,-4.3018209383532735
23.89879564430155,59.52864483555278
-8.506672735005495,-7.078604731978788
-61.172057756512665,-31.703897997332618
65.29726244113812,-8.137777510364907
-35.779636328733886,76.09636256658115
68.79664696118621,-18.966722837398397
-90.78775040683095,-57.22024467964235
36.29449537382472,-17.57282886110478
-71.87574662521033,-79.9307559323698
21.679977468542113,61.562873060701115
0.9534976818174945,4.611218038879916
-13.839865442178034,-63.287698953244046
69.67570269699578,71.08833515676905
89.8941925599349,33.01516296746448
80.25982420177162,4.531985692213758
5.611124522230826,-48.22810970594864
17.776571984821345,-58.6411084022999
-59.44308944629877,-13.692360541363113
-75.41672928070307,-98.64551363596657
70.8809449210178,36.89593508543321
-13.091062091253548,36.672379498033905
-92.38129362315198,-76.37516333381038
-48.89957351049219,92.44872281718645
-0.1291855475944903,0.9554377507854594
-38.870860322964916,93.96943485407292
74.15538289730328,92.11135648365314
88.55583468558221,29.716573876556485
-57.4670386959065,-74.30962448352285
25.26603287030229,-55.67874517559741
64.36461699373336,-51.962716194443125
74.30671810523508,97.15654552639099
15.844348868582925,-80.54645275861844
75.32683885550107,-38.900017630943125
92.99589100299815,-21.015895249034312
-15.48847484842466,-36.833615440019685
42.96308309847892,8.55323699112629
-29.856076803128694,1.0315059396447168
79.84813948512073,51.3217082821136
-76.19012471394251,52.582537959675044
27.824292429845276,-49.68544152968675
-62.41987984790713,-68.65930585478498
85.34371326603625,62.718061846784856
62.73015218870866,61.68160706418491
21.344089606932105,93.04108183888881
13.095222977167076,-84.85801855692709
-87.19568939706758,-15.00133382188893
-18.548915682109346,69.0896425897557
95.66998860071266,-42.2789163249804
37.932234794115736,75.8543531685264
88.63511316284641,-75.92770291154942
99.6947610290974,-19.15393034894808
6.796261554773375,43.133662717291664
-29.258196134564862,-72.52649841551526
-90.09860402680758,54.65509224397942
-83.89247558009842,-82.65788064218043
30.746375183229002,76.8833424123814
-86.8676879307354,-54.24768718451875
-25.437647989737066,91.16080728307465
-40.06763194174656,-78.3476912181676
59.72652931832398,-35.47489767803997
77.77351131820834,74.5254134611345
3.81404557319196,12.284236317983943
-5.227139110590917,3.761630451231701
30.521338394455988,25.510216346213245
-27.144786811449407,19.964959167593822
87.03536308826818,-78.87575815476681
-32.008752908086095,93.13111716943874
-83.50218047819138,1.5429679078302616
-74.04507432050337,-78.27382417252069
-18.174974230400398,25.066056985511654
-39.65857424000055,-70.06764610224043
-75.58653905378159,-24.206957864524448
27.869297011253067,74.02288955228475
86.47344709339826,68.36675296492484
-93.30838112625477,67.65218353300517
22.483593964426476,73.54646112546355
-76.08708547158042,-94.43115620565332
-54.87023923899586,60.83906430371644
52.73739521400991,15.73342484674216
21.262399049555714,-4.196497499457141
-14.995953944721974,-46.65179200600485
76.1849334496284,-98.65773913214588
-30.304226053784646,43.476735003519586
-85.37146019798227,-53.7610612006338
1.921650997917923,68.8270348837906
-51.645833943987185,-61.00935544412884
96.35055392806366,69.35057662872799
-17.29286876909284,58.291783715161216
23.894013079881795,78.36963825148766
-6.718642215776738,-60.50299998330355
-40.691668436741125,21.54098898651653
23.884586596088898,16.454791008282974
99.07862724223182,-55.29726857620758
11.243674043821251,97.59974472222903
-18.5245587921103,48.0909760925641
76.14387470141814,29.37607522697354
-66.0066900233414,13.964198801340455
45.16618840692412,-97.43750752459712
-67.09546896666238,-52.092757538726595
-5.6184555179916496,96.01248231474926
35.69512240439954,-7.087943734886126
-70.75591368343296,-45.03048472655
-87.34902695611213,-93.11311569376679
58.93326750018115,68.51623368975919
-22.346766935442265,1.2357355272673454
-83.49069703379016,89.35772707774797
26.993845123680327,60.9388398531115
-24.258082784692945,-25.069436945680735
-38.61136436536488,38.2908136981112
-14.312017981318114,-57.85896444989409
-10.714218409091236,-50.95176474497969
-48.528961755521124,-62.68212910861397
31.889749509754182,33.51584563411063
89.01343970507159,-95.91658784893559
-63.088421801998784,78.69849344845024
-1.686441470919653,16.094660053338174
-99.20197000826947,-89.90328779224433
84.50456783509878,-87.91904874953667
11.346111676462689,20.013197922415916
19.163354911251208,-83.03379469596068
-7.9474778740098895,-76.29671199446155
-99.08140465471477,65.6544209998934
56.48510244563234,7.124248747455342
-94.82423809300646,-21.323272180812737
7.010739559356427,92.35677837321687
-82.8246593182584,98.8974952832904
-96.12249512257883,-71.21752738178574
-65.24613715543113,84.24634316963979
68.36845004517245,-17.653801843151395
22.569604573045222,-7.9648184541202705
-32.633463565389164,-16.823988232854003
73.51676498495164,93.53672553781635
-72.64887319342944,30.690742295037744
10.563964382921087,6.459123918868714
64.92017778526578,71.68744626662186
-35.49980556992174,-19.624847060095906
37.27294127236043,31.921894187162223
-68.6927524944001,-78.71818241338644
47.96922003830193,-30.195400160289832
34.764099128698604,24.776023431518325
32.252757595885214,69.23150731500756
-89.3815214906722,93.1178936665916
-86.04115494511326,56.957518987999855
82.26479027801065,51.93300341674865
-35.04965343319437,15.758490965847493
55.86542020147487,-11.670256471745288
-93.04472951898714,90.93479867507561
13.682077911051493,-3.6908607202049692
-45.36840773234179,15.484371834254418
-56.60319091902741,27.884015144787156
-64.37295782526154,-95.91089065778935
23.628233726873727,-73.95639453798582
-48.723064089916775,-25.93142839765128
58.44601358746881,67.74150161471108
84.62854342445489,73.46092260329576
-51.056796720709464,69.25649226015851
73.64336481318594,80.97549725635591
17.52785296770105,-10.314862038346018
16.14496650310202,51.62749661921284
-61.38631582360055,22.98609365849171
-65.57116110231176,9.263135947601352
-76.3978009141835,5.434290505243622
-89.93574487364016,-41.39995108640522
73.85546223762738,-1.279092975429652
41.42154375260407,28.16363134974904
69.63710987885881,13.138480229449723
47.7766500996593,44.58054751052185
-94.80486107111166,47.44250149555616
-82.90467303329059,43.3451226680438
-55.61122071354647,83.89681653190033
77.66048552841941,-94.26887864152869
33.782910376348795,-79.49711714946584
-14.872640651425574,39.47675842772913
-79.08481177532882,-36.59976731309451
55.06927188376769,38.58795279971212
-84.49542135972546,-92.5723724329619
-25.657027251067042,5.67525348093052
1.957328044822404,24.66911813611061
76.27034501679739,77.76830711370172
69.6609974557185,73.93120561124861
22.135468457608564,11.994790959044366
-42.53916356857517,35.31402633294174
24.015954962670392,81.76249993520868
41.72253018836347,-85.27862786985993
-56.360038427389526,92.05400420983378
-90.88687741626448,0.8625499624221211
-75.33742396139974,22.552645885871026
-2.0916623060454054,-40.04186306290023
91.89496052624995,-28.930154933908625
22.71717134474096,-1.8308773180326199
98.23893508422448,32.585950237433806
71.17406886287195,98.8830988756684
37.6037801380416,13.614471266868655
18.142863623425832,60.95034870268661
-18.944590813060103,79.31519670326563
-65.588854202465,-72.0714059027672
-21.963556526061257,-35.29267845949751
28.95815039341054,-64.68035807909554
-79.35470129720181,-14.750661496604089
19.84129138356776,76.65861717428469
71.90366405430314,-32.92482968878148
-50.680215126116,38.803201933337796
72.84017094727821,-19.83788796497572
-99.14690053228543,-88.82810550718622
4.998035498522269,76.03092743598651
-95.93856882751656,84.0394426616993
35.75136356749204,15.835677759870936
44.17579521618544,29.008582995583552
23.793603336403635,21.162413910459875
98.07890620430919,-29.34453265123873
-62.10410693482882,9.295469313431015
